변환,GDP_변동률,경제성장률,원유_변동률,미국금리,생산자물가지수(PPI)_증감률률,소비자물가지수(CPI)_변동률,실업률,환율_변동율,기업대출,가계대출,신용카드대출,주택매매가격지수_변동율,통화량_변동율,기준금리
1954/07,,,,0.25,,,,,,,,,,
1954/08,,,,1.44,,,,,,,,,,
1954/09,,,,1.44,,,,,,,,,,
1954/10,,,,1.13,,,,,,,,,,
1954/11,,,,1.38,,,,,,,,,,
1954/12,,,,1.44,,,,,,,,,,
1955/01,,,,1.44,,,,,,,,,,
1955/02,,,,1.44,,,,,,,,,,
1955/03,,,,1.44,,,,,,,,,,
1955/04,,,,1.69,,,,,,,,,,
1955/05,,,,1.69,,,,,,,,,,
1955/06,,,,1.69,,,,,,,,,,
1955/07,,,,1.75,,,,,,,,,,
1955/08,,,,2.0,,,,,,,,,,
1955/09,,,,2.19,,,,,,,,,,
1955/10,,,,2.25,,,,,,,,,,
1955/11,,,,2.44,,,,,,,,,,
1955/12,,,,2.5,,,,,,,,,,
1956/01,,,,2.5,,,,,,,,,,
1956/02,,,,2.5,,,,,,,,,,
1956/03,,,,2.5,,,,,,,,,,
1956/04,,,,2.75,,,,,,,,,,
1956/05,,,,2.75,,,,,,,,,,
1956/06,,,,2.75,,,,,,,,,,
1956/07,,,,2.69,,,,,,,,,,
1956/08,,,,3.0,,,,,,,,,,
1956/09,,,,3.0,,,,,,,,,,
1956/10,,,,3.0,,,,,,,,,,
1956/11,,,,3.0,,,,,,,,,,
1956/12,,,,3.0,,,,,,,,,,
1957/01,,,,3.0,,,,,,,,,,
1957/02,,,,3.0,,,,,,,,,,
1957/03,,,,2.94,,,,,,,,,,
1957/04,,,,3.0,,,,,,,,,,
1957/05,,,,3.0,,,,,,,,,,
1957/06,,,,3.0,,,,,,,,,,
1957/07,,,,2.88,,,,,,,,,,
1957/08,,,,3.5,,,,,,,,,,
1957/09,,,,3.5,,,,,,,,,,
1957/10,,,,3.5,,,,,,,,,,
1957/11,,,,3.0,,,,,,,,,,
1957/12,,,,3.0,,,,,,,,,,
1958/01,,,,1.5,,,,,,,,,,
1958/02,,,,0.5,,,,,,,,,,
1958/03,,,,0.5,,,,,,,,,,
1958/04,,,,0.25,,,,,,,,,,
1958/05,,,,0.13,,,,,,,,,,
1958/06,,,,0.5,,,,,,,,,,
1958/07,,,,0.38,,,,,,,,,,
1958/08,,,,1.75,,,,,,,,,,
1958/09,,,,1.5,,,,,,,,,,
1958/10,,,,2.0,,,,,,,,,,
1958/11,,,,2.5,,,,,,,,,,
1958/12,,,,2.38,,,,,,,,,,
1959/01,,,,2.5,,,,,,,,,,
1959/02,,,,2.5,,,,,,,,,,
1959/03,,,,3.0,,,,,,,,,,
1959/04,,,,3.0,,,,,,,,,,
1959/05,,,,3.25,,,,,,,,,,
1959/06,,,,3.0,,,,,,,,,,
1959/07,,,,3.5,,,,,,,,,,
1959/08,,,,3.5,,,,,,,,,,
1959/09,,,,3.0,,,,,,,,,,
1959/10,,,,4.0,,,,,,,,,,
1959/11,,,,4.0,,,,,,,,,,
1959/12,,,,4.0,,,,,,,,,,
1960/01,,,,4.0,,,,,,,,,,
1960/02,,,,4.0,,,,,,,,,,
1960/03,,,,4.0,,,,,,,,,,
1960/04,,1.4986666666666668,,4.0,,,,,,,,,,
1960/05,,2.9973333333333336,,3.5,,,,,,,,,,
1960/06,,4.496,,3.5,,,,,,,,,,
1960/07,,-0.3706666666666667,,3.25,,,,,,,,,,
1960/08,,-0.7413333333333334,,3.0,,,,,,,,,,
1960/09,,-1.112,,3.0,,,,,,,,,,
1960/10,,0.1986666666666666,,2.75,,,,,,,,,,
1960/11,,0.3973333333333333,,0.25,,,,,,,,,,
1960/12,,0.596,,3.0,,,,,,,,,,
1961/01,,1.067,,2.25,,,,,,,,,,
1961/02,,2.134,,2.0,,,,,,,,,,
1961/03,,3.201,,2.0,,,,,,,,,,
1961/04,,1.4386666666666663,,0.5,,,,,,,,,,
1961/05,,2.877333333333333,,1.0,,,,,,,,,,
1961/06,,4.316,,0.5,,,,,,,,,,
1961/07,,-0.6083333333333333,,2.5,,,,,,,,,,
1961/08,,-1.2166666666666666,,1.75,,,,,,,,,,
1961/09,,-1.825,,1.5,,,,,,,,,,
1961/10,,0.4323333333333333,,2.0,,,,,,,,,,
1961/11,,0.8646666666666666,,1.75,,,,,,,,,,
1961/12,,1.297,,2.5,,,,,,,,,,
1962/01,,0.664,,1.5,,,,,,,,,,
1962/02,,1.328,,2.75,,,,,,,,,,
1962/03,,1.992,,2.75,,,,,,,,,,
1962/04,,-0.6226666666666667,,2.5,,,,,,,,,,
1962/05,,-1.2453333333333334,,2.75,,,,,,,,,,
1962/06,,-1.868,,2.75,,,,,,,,,,
1962/07,,0.9756666666666668,,2.75,,,,,,,,,,
1962/08,,1.9513333333333331,,3.0,,,,,,,,,,
1962/09,,2.927,,2.75,,,,,,,,,,
1962/10,,0.96,,3.0,,,,,,,,,,
1962/11,,1.92,,2.88,,,,,,,,,,
1962/12,,2.88,,3.0,,,,,,,,,,
1963/01,,1.953,,3.0,,,,,,,,,,
1963/02,,3.906,,3.0,,,,,,,,,,
1963/03,,5.859,,3.0,,,,,,,,,,
1963/04,,-0.7863333333333333,,3.0,,,,,,,,,,
1963/05,,-1.5726666666666669,,3.0,,,,,,,,,,
1963/06,,-2.359,,3.0,,,,,,,,,,
1963/07,,1.0983333333333334,,3.5,,,,,,,,,,
1963/08,,2.1966666666666668,,3.5,,,,,,,,,,
1963/09,,3.295,,3.5,,,,,,,,,,
1963/10,,0.031,,3.5,,,,,,,,,,
1963/11,,0.062,,3.5,,,,,,,,,,
1963/12,,0.093,,3.25,,,,,,,,,,
1964/01,,1.9903333333333333,,3.5,,,,,,,,,,
1964/02,,3.9806666666666666,,3.5,,,,,,,,,,
1964/03,,5.971,,3.5,,,,,,,,,,
1964/04,,-0.9583333333333334,,3.5,,,,,,,,,,
1964/05,,-1.9166666666666667,,3.5,,,,,,,,,,
1964/06,,-2.875,,3.5,,,,0.0,,,,,,
1964/07,,2.268333333333333,,3.5,,,,0.0,,,,,,
1964/08,,4.536666666666666,,3.5,,,,0.0,,,,,,
1964/09,,6.805,,2.75,,,,0.0,,,,,,
1964/10,,1.34,,3.5,,,,0.0,,,,,,
1964/11,,2.68,,4.0,,,,0.0,,,,,,
1964/12,,4.02,,4.0,,,,0.0,,,,,,
1965/01,,0.4263333333333333,,4.0,,,,0.0,,,,,,
1965/02,,0.8526666666666666,,4.0,0.8,2.2,,0.0,,,,,,
1965/03,,1.279,,4.0,-0.8,0.2,,1.0,,,,,,
1965/04,,0.0753333333333333,,4.13,0.0,1.6,,0.4,,,,,,
1965/05,,0.1506666666666666,,4.13,2.0,2.0,,2.7,,,,,,
1965/06,,0.226,,4.13,2.0,-0.9,,0.7,,,,,,
1965/07,,-0.2636666666666666,,4.13,0.4,1.3,,1.2,,,,,,
1965/08,,-0.5273333333333333,,4.0,0.0,1.1,,0.3,,,,,,
1965/09,,-0.7909999999999999,,4.13,0.4,-0.5,,-0.1,,,,,,
1965/10,,0.7773333333333333,,4.13,-0.2,-0.6,,-0.1,,,,,,
1965/11,,1.5546666666666666,,4.13,-0.2,-1.7,,-0.1,,,,,,
1965/12,,2.332,,4.63,0.6,0.3,,0.0,,,,,,
1966/01,,2.043,,4.5,0.8,2.4,,0.0,,,,,,
1966/02,,4.085999999999999,,4.63,1.5,2.8,,0.0,,,,,,
1966/03,,6.129,,4.75,0.6,1.6,,-0.9,,,,,,
1966/04,,2.0646666666666667,,4.63,1.7,1.0,,0.8,,,,,,
1966/05,,4.129333333333333,,4.75,1.9,2.8,,-0.1,,,,,,
1966/06,,6.194,,5.5,1.5,0.1,,0.0,,,,,,
1966/07,,-0.5763333333333334,,5.75,0.5,-0.4,,0.0,,,,,,
1966/08,,-1.1526666666666667,,4.5,0.5,2.1,,0.0,,,,,,
1966/09,,-1.729,,5.75,0.0,1.9,,0.0,,,,,,
1966/10,,0.4436666666666666,,5.75,0.0,2.6,,0.0,,,,,,
1966/11,,0.8873333333333333,,5.75,-0.7,-2.5,,0.0,,,,,,
1966/12,,1.331,,5.0,0.4,0.1,,0.0,,,,,,
1967/01,,1.1233333333333333,,4.0,-0.5,0.6,,-0.3,,,,,,
1967/02,,2.2466666666666666,,4.75,0.7,1.4,,-0.2,,,,,,
1967/03,,3.37,,4.5,0.5,1.4,,0.0,,,,,,
1967/04,,0.6960000000000001,,4.0,2.1,2.7,,0.1,,,,,,
1967/05,,1.392,,4.13,1.2,1.0,,0.0,,,,,,
1967/06,,2.088,,3.5,0.3,-1.1,,0.0,,,,,,
1967/07,,1.38,,3.75,0.3,0.2,,0.0,,,,,,
1967/08,,2.76,,4.0,0.7,1.2,,0.0,,,,,,
1967/09,,4.14,,3.75,0.5,1.6,,0.1,,,,,,
1967/10,,0.22,,4.13,0.2,1.6,,0.0,,,,,,
1967/11,,0.44,,4.5,0.7,0.6,,0.0,,,,,,
1967/12,,0.66,,4.5,0.2,-0.1,,1.4,,,,,,
1968/01,,2.121,,4.75,1.7,2.0,,0.1,,,,,,
1968/02,,4.242,,4.75,1.5,1.5,,0.0,,,,,,
1968/03,,6.363,,5.25,0.6,1.0,,0.0,,,,,,
1968/04,,0.4906666666666666,,6.25,0.5,-0.1,,0.0,,,,,,
1968/05,,0.9813333333333332,,6.13,0.3,0.2,,0.0,,,,,,
1968/06,,1.472,,5.5,0.3,0.4,,0.0,,,,,,
1968/07,,1.7106666666666666,,6.0,0.2,-0.1,,0.0,,,,,,
1968/08,,3.421333333333333,,5.75,0.2,0.6,,0.2,,,,,,
1968/09,,5.132,,5.5,-0.2,0.5,,1.0,,,,,,
1968/10,,-0.5690000000000001,,6.0,1.6,2.7,,0.8,,,,,,
1968/11,,-1.138,,6.0,1.3,2.4,,0.4,,,,,,
1968/12,,-1.7070000000000003,,4.0,-0.8,-0.6,,0.1,,,,,,
1969/01,,1.7036666666666669,,6.38,1.6,2.6,,0.0,,,,,,
1969/02,,3.4073333333333333,,7.0,1.1,0.6,,0.2,,,,,,
1969/03,,5.111,,6.25,0.3,0.8,,0.3,,,,,,
1969/04,,1.1506666666666667,,8.0,0.5,0.5,,0.3,,,,,,
1969/05,,2.301333333333333,,9.38,0.6,0.6,,0.3,,,,,,
1969/06,,3.452,,7.5,0.4,0.4,,0.2,,,,,,
1969/07,,2.687,,8.75,0.1,0.0,,0.1,,,,,,
1969/08,,5.374,,9.75,0.0,0.5,,0.5,,,,,,
1969/09,,8.061,,8.5,0.6,3.2,,0.5,,,,,,
1969/10,,0.6703333333333333,,9.0,0.6,2.7,,0.7,,,,,,
1969/11,,1.340666666666667,,9.25,0.4,1.1,,4.7,,,,,,
1969/12,,2.011,,5.0,1.0,2.2,,0.2,,,,,,
1970/01,,-0.5646666666666667,,9.38,2.5,1.4,,0.1,,,,,,
1970/02,,-1.1293333333333333,,8.5,0.8,2.0,,0.3,,,,,,
1970/03,,-1.694,,7.5,1.0,2.2,,0.3,,,,,,
1970/04,,1.3403333333333334,,8.5,1.2,2.1,,0.4,,,,,,
1970/05,,2.6806666666666668,,7.88,0.4,-1.0,,0.3,,,,,,
1970/06,,4.021,,5.75,0.0,-2.1,,0.4,,,,,,
1970/07,,0.2063333333333333,,6.75,0.1,0.7,,0.5,,,,,,
1970/08,,0.4126666666666667,,6.5,0.3,0.7,,0.3,,,,,,
1970/09,,0.619,,5.0,1.0,2.4,,0.3,,,,,,
1970/10,,2.568,,6.13,0.0,2.0,,0.2,,,,,,
1970/11,,5.136,,5.5,0.9,-0.2,,0.3,,,,,,
1970/12,,7.704000000000001,,3.0,0.7,3.5,,0.3,,,,,,
1971/01,,0.187,,4.0,0.5,2.6,,0.5,,,,,,
1971/02,,0.374,,3.38,0.5,2.0,,0.6,,,,,,
1971/03,,0.561,,4.5,0.3,1.9,,0.6,,,,,,
1971/04,,1.0856666666666668,,4.25,0.5,-0.4,,0.6,,,,,,
1971/05,,2.1713333333333336,,4.88,0.9,-1.8,,0.7,,,,,,
1971/06,,3.257000000000001,,4.75,1.7,-0.2,,2.0,,,,,,
1971/07,,0.0643333333333333,,5.5,-0.4,1.8,,11.6,,,,,,
1971/08,,0.1286666666666666,,5.75,0.9,0.9,,0.0,,,,,,
1971/09,,0.193,,5.38,3.5,1.7,,0.0,,,,,,
1971/10,,0.2503333333333333,,5.13,1.9,-0.8,,0.0,,,,,,
1971/11,,0.5006666666666667,,4.25,1.0,0.2,,0.0,,,,,,
1971/12,,0.7510000000000001,,3.0,0.9,1.0,,0.4,,,,,,
1972/01,,0.479,,3.13,0.8,1.5,,0.7,,,,,,
1972/02,,0.958,,3.25,2.3,3.2,,1.2,,,,,,
1972/03,,1.437,,4.0,1.9,2.8,,1.4,,,,,,
1972/04,,0.9853333333333332,,4.31,0.7,0.7,,1.4,,,,,,
1972/05,,1.9706666666666663,,4.75,0.9,0.4,,1.2,,,,,,
1972/06,,2.956,,4.5,0.3,0.5,,1.0,,,,,,
1972/07,,0.5493333333333333,,4.5,0.3,1.1,,0.2,,,,,,
1972/08,,1.098666666666667,,5.13,0.8,1.6,,-0.1,,,,,,
1972/09,,1.648,,4.88,-0.3,0.1,,-0.1,,,,,,
1972/10,,1.417,,4.88,-0.4,-1.1,,0.0,,,,,,
1972/11,,2.834,,5.19,0.1,-1.8,,0.0,,,,,,
1972/12,,4.251,,5.5,0.8,0.1,,0.1,,,,,,
1973/01,,1.1023333333333334,,6.5,0.5,0.3,,0.0,,,,,,
1973/02,,2.2046666666666668,,7.5,0.4,0.3,,0.0,,,,,,
1973/03,,3.3070000000000004,,7.38,0.3,0.2,,0.0,,,,,,
1973/04,,1.4006666666666667,,7.63,0.5,0.5,,0.0,,,,,,
1973/05,,2.801333333333333,,8.13,0.7,0.6,,0.0,,,,,,
1973/06,,4.202,,8.88,0.2,-0.2,,0.0,,,,,,
1973/07,,1.6966666666666663,,11.22,0.8,0.5,,0.0,,,,,,
1973/08,,3.393333333333333,,11.22,2.1,1.0,,0.0,,,,,,
1973/09,,5.09,,10.82,1.6,0.8,,-0.2,,,,,,
1973/10,,0.4823333333333333,,10.61,0.2,0.1,,-0.1,,,,,,
1973/11,,0.9646666666666668,,10.34,1.2,1.2,,-0.1,,,,,,
1973/12,,1.447,,9.83,5.6,2.8,,0.0,,,,,,
1974/01,,1.3916666666666666,,9.31,4.9,4.3,,0.2,,,,,,
1974/02,,2.783333333333333,,8.87,14.5,5.3,,0.1,,,,,,
1974/03,,4.175,,9.95,3.0,3.8,,0.1,,,,,,
1974/04,,-0.088,,11.0,4.2,1.9,,0.1,,,,,,
1974/05,,-0.176,,11.64,0.7,0.5,,0.0,,,,,,
1974/06,,-0.264,,13.31,1.2,-0.7,,0.0,,,,,,
1974/07,,0.5203333333333333,,12.06,1.1,2.2,,0.0,,,,,,
1974/08,,1.0406666666666666,,11.6,0.9,3.1,,0.0,,,,,,
1974/09,,1.561,,11.11,-0.4,1.7,,0.0,,,,,,
1974/10,,-0.1136666666666666,,9.66,0.4,-0.9,,0.0,,,,,,
1974/11,,-0.2273333333333333,,9.47,2.2,1.3,,0.0,,,,,,
1974/12,,-0.341,,3.87,5.6,1.6,,17.0,,,,,,
1975/01,,0.4716666666666667,,6.76,6.0,3.5,,3.6,,,,,,
1975/02,,0.9433333333333334,,6.07,1.2,1.8,,0.0,,,,,,
1975/03,,1.415,,5.39,0.5,1.9,,0.0,,,,,,
1975/04,,1.5693333333333337,,7.03,2.7,3.2,,0.0,,,,,,
1975/05,,3.138666666666667,,5.23,2.3,3.6,,0.0,,,,,,
1975/06,,4.708,,5.97,1.0,1.3,,0.0,,,,,,
1975/07,,0.9526666666666668,,6.23,0.3,1.8,,0.0,,,,,,
1975/08,,1.905333333333333,,6.13,0.4,2.2,,0.0,,,,,,
1975/09,,2.858,,6.22,0.6,3.5,,0.0,,,,,,
1975/10,,1.0286666666666666,,5.65,1.2,1.4,,0.0,,,,,,
1975/11,,2.057333333333333,,5.29,0.4,-0.7,,0.0,,,,,,
1975/12,,3.086,,5.37,1.5,0.5,,0.0,,,,,,
1976/01,,0.963,,4.84,2.9,0.6,,0.0,,,,,,
1976/02,,1.926,,4.89,0.5,1.1,,0.0,,,,,,
1976/03,,2.889,,5.07,0.6,1.7,,0.0,,,,,,
1976/04,,1.6023333333333334,,5.1,0.6,1.1,,0.0,,,,,,
1976/05,,3.2046666666666668,,5.67,0.8,0.6,,0.0,,,,,,
1976/06,,4.807,,5.71,0.6,1.0,,0.0,,,,,,
1976/07,,0.6466666666666666,,5.32,0.6,1.9,,0.0,,,,,,
1976/08,,1.2933333333333332,,5.31,0.5,1.0,,0.0,,,,,,
1976/09,,1.94,,5.31,0.7,0.8,,0.0,,,,,,
1976/10,,0.375,,5.02,0.4,-1.1,,0.0,,,,,,
1976/11,,0.75,,4.69,0.9,-0.1,,0.0,,,,,,
1976/12,,1.125,,4.17,0.1,0.6,,0.0,,,,,,
1977/01,,0.3336666666666666,,4.65,1.1,0.7,,0.0,,,,,,
1977/02,,0.6673333333333332,,4.73,2.2,2.4,,0.0,,,,,,
1977/03,,1.001,,4.72,0.5,1.4,,0.0,,,,,,
1977/04,,1.691,,5.12,0.4,0.1,,0.0,,,,,,
1977/05,,3.382,,5.47,0.6,1.0,,0.0,,,,,,
1977/06,,5.073,,5.64,0.9,1.0,,0.0,,,,,,
1977/07,,2.003,,5.86,0.5,1.3,,0.0,,,,,,
1977/08,,4.006,,6.03,0.7,1.3,,0.0,,,,,,
1977/09,,6.009,,6.46,0.7,0.3,,0.0,,,,,,
1977/10,,1.256,,6.6,0.4,-0.3,,0.0,,,,,,
1977/11,,2.512,,6.56,0.4,0.4,,0.0,,,,,,
1977/12,,3.768,,6.53,1.3,0.9,,0.0,,,,,,
1978/01,,-0.2696666666666666,,6.79,2.3,2.9,,0.0,,,,,,
1978/02,,-0.5393333333333333,,6.83,1.8,2.1,,0.0,,,,,,
1978/03,,-0.8089999999999999,,6.97,0.3,1.3,,0.0,,,,,,
1978/04,,1.0273333333333332,,7.25,0.6,-0.1,,0.0,,,,,,
1978/05,,2.0546666666666664,,7.43,0.9,1.0,,0.0,,,,,,
1978/06,,3.082,,8.01,1.3,2.8,,0.0,,,,,,
1978/07,,0.6196666666666667,,8.0,0.5,1.4,,0.0,,,,,,
1978/08,,1.2393333333333334,,8.4,0.1,0.2,,0.0,,,,,,
1978/09,,1.859,,8.9,1.9,2.0,,0.0,,,,,,
1978/10,,1.599,,9.35,1.1,0.9,,0.0,,,,,,
1978/11,,3.198,,9.94,0.7,0.5,,0.0,,,,,,
1978/12,,4.797,,10.84,0.3,0.4,,0.0,,,,,,
1979/01,,1.4953333333333332,,10.57,0.6,0.9,,0.0,,,,,,
1979/02,,2.9906666666666664,,10.24,1.5,3.5,,0.0,,,,,,
1979/03,,4.486,,10.07,2.4,1.8,,0.0,,,,,,
1979/04,,0.252,,10.43,2.7,2.4,,0.0,,,,,,
1979/05,,0.504,,10.31,2.8,3.1,,0.0,,,,,,
1979/06,,0.756,,10.54,0.6,0.9,,0.0,,,,,,
1979/07,,-0.9226666666666666,,10.81,5.1,0.5,,0.0,,,,,,
1979/08,,-1.8453333333333333,,11.29,3.1,0.3,,0.0,,,,,,
1979/09,,-2.768,,12.16,1.3,1.4,,0.0,,,,,,
1979/10,,-0.5063333333333333,,14.82,0.7,0.7,,0.0,,,,,,
1979/11,,-1.0126666666666666,,13.96,-0.2,1.5,,0.0,,,,,,
1979/12,,-1.519,,14.77,1.0,2.4,,0.0,,,,,,
1980/01,,0.2953333333333333,,13.4,4.4,4.3,,14.0,,,,,,
1980/02,,0.5906666666666667,,16.33,13.8,4.3,,5.1,,,,,,
1980/03,,0.886,,19.85,3.7,3.7,,0.6,,,,,,
1980/04,,-0.18,,14.64,1.3,0.7,,1.1,,,,,,
1980/05,,-0.36,,11.06,1.8,3.1,,0.6,,,,,,
1980/06,,-0.54,,10.44,0.1,1.2,,0.9,,,,,,
1980/07,,0.631,,9.93,0.7,0.8,,1.1,,,,,,
1980/08,,1.262,,10.74,2.2,1.7,,1.7,,,,,,
1980/09,,1.893,,13.19,1.6,1.9,,0.5,,,,,,
1980/10,,-0.922,,13.77,1.3,2.8,,3.2,,,,,,
1980/11,,-1.844,,18.56,1.5,0.6,,2.8,,,,,,
1980/12,,-2.766,,22.0,3.8,3.2,,0.5,,,,,,
1981/01,,1.3716666666666668,,17.25,1.5,1.6,,0.3,,,,,,
1981/02,,2.7433333333333336,,15.53,0.8,0.8,,0.8,,,,,,
1981/03,,4.115,,14.63,1.0,1.9,,0.6,,,,,,
1981/04,,0.8053333333333333,,18.92,2.5,0.9,,0.7,,,,,,
1981/05,,1.6106666666666667,,17.56,2.9,2.2,,0.8,,,,,,
1981/06,,2.416,,18.64,1.0,2.8,,0.3,,,,,,
1981/07,,1.3876666666666668,,17.46,0.2,1.0,,0.3,,,,,,
1981/08,,2.7753333333333337,,16.83,0.6,1.1,,0.1,,,,,,
1981/09,,4.163,,16.58,0.5,1.3,,-0.2,,,,,,
1981/10,,0.523,,14.44,-0.1,-0.2,,0.2,,,,,,
1981/11,,1.046,,12.44,-1.1,-0.9,,0.2,,,,,,
1981/12,,1.569,,13.13,1.1,0.6,,1.1,,,,,,
1982/01,,0.2263333333333333,,14.21,0.7,0.5,,1.4,,,,,,
1982/02,,0.4526666666666667,,13.74,0.7,0.5,,0.6,,,,,,
1982/03,,0.679,,16.8,-0.2,0.9,,0.7,,,,,,
1982/04,,0.7826666666666666,,15.28,0.1,0.2,,0.8,,,,,,
1982/05,,1.5653333333333332,,13.38,0.3,0.8,,0.6,,,,,,
1982/06,,2.348,,14.58,-0.1,0.6,,1.8,,,,,,
1982/07,,0.6913333333333332,,11.41,0.4,0.2,,0.4,,,,,,
1982/08,,1.3826666666666665,,10.63,-0.2,0.3,,0.1,,,,,,
1982/09,,2.074,,12.17,0.4,0.5,,0.1,,,,,,
1982/10,,1.049,,9.41,-0.1,-0.2,,0.2,,,,,,
1982/11,,2.098,,8.93,0.0,-0.6,,0.2,,,,,,
1982/12,,3.147,,11.2,0.4,1.1,,0.1,,,,,,
1983/01,,1.4766666666666666,,8.56,0.4,0.8,,0.6,,,,,,
1983/02,,2.953333333333333,,8.53,-0.2,0.7,,0.3,,,,,,
1983/03,,4.43,,10.81,-0.3,0.4,,0.8,,,,,,
1983/04,,1.0293333333333334,,8.84,-0.1,-0.3,,0.9,,,,,,
1983/05,,2.058666666666667,,8.94,-0.5,0.3,,0.4,,,,,,
1983/06,,3.088,,10.06,-0.3,-0.1,,0.9,,,,,,
1983/07,,1.238,,9.52,-0.2,0.0,,0.5,,,,,,
1983/08,,2.476,,9.59,0.2,0.1,,0.9,,,,,,
1983/09,,3.714,,10.59,0.3,0.1,,0.4,,,,,,
1983/10,,0.2386666666666666,,9.43,-0.3,-0.1,,0.1,,,,,,
1983/11,,0.4773333333333333,,9.34,0.0,-0.2,,0.7,,,,,,
1983/12,,0.716,,9.92,0.2,0.3,,0.3,,,,,,
1984/01,,1.4603333333333337,,9.35,0.1,0.6,,0.0,,,,,,
1984/02,,2.920666666666667,,9.45,0.2,0.9,,-0.2,,,,,,
1984/03,,4.381,,10.24,0.0,0.4,,-0.5,,,,,,
1984/04,,0.8353333333333333,,10.9,0.6,0.3,,0.3,,,,,,
1984/05,,1.6706666666666663,,10.81,-0.4,-0.1,,0.6,,,,,,
1984/06,,2.506,,10.85,-0.4,-0.5,,0.1,,,,,,
1984/07,,0.4543333333333333,,11.83,0.3,0.0,,1.1,,,,,,
1984/08,,0.9086666666666666,,11.64,0.8,0.5,,0.0,,,,,,
1984/09,,1.363,,11.23,1.1,1.2,,0.5,,,,,,
1984/10,,0.162,,9.99,-0.7,-0.5,,0.6,,,,,,
1984/11,,0.324,,8.92,-0.4,-0.2,,-0.2,,,,,,
1984/12,,0.486,,8.74,0.3,0.0,,0.9,,,,,,
1985/01,,0.937,,8.73,0.2,0.3,,0.8,,,,,,
1985/02,,1.874,,8.74,-0.1,0.7,,0.8,,,,,,
1985/03,,2.811,,8.58,-0.4,0.1,,1.4,,,,,,
1985/04,,0.8029999999999999,,8.58,0.5,0.1,,1.2,,,,,,
1985/05,,1.606,,7.64,-0.1,0.7,,1.1,,,,,,
1985/06,,2.409,,7.95,0.0,0.1,,0.5,,,,,,
1985/07,,0.3793333333333333,,8.61,0.1,0.0,,0.2,,,,,,
1985/08,,0.7586666666666666,,7.8,0.0,0.2,,1.0,,,,,,
1985/09,,1.138,,8.84,0.3,1.1,,1.0,,,,,,
1985/10,,1.0163333333333333,,8.08,0.1,0.3,,0.1,,,,,,
1985/11,,2.0326666666666666,,8.54,-0.6,-1.2,,-0.1,,,,,,
1985/12,,3.049,,7.75,0.5,0.6,,0.0,,,,,,
1986/01,,0.6416666666666667,,7.75,0.2,0.9,,0.0,,,,,,
1986/02,,1.2833333333333334,,7.75,-0.7,0.6,,-0.5,,,,,0.8,
1986/03,,1.9250000000000005,,7.25,-0.9,0.2,,-0.2,,,,,2.5,
1986/04,,1.299,,6.75,-0.5,-0.1,,0.1,,,,,1.3,
1986/05,,2.598,,6.813,0.1,0.6,,0.2,,,,,2.2,
1986/06,,3.897,,6.875,-0.3,-0.2,,0.1,,,,,1.8,
1986/07,,1.439,,6.375,0.1,0.1,,-0.4,,,,,1.9,
1986/08,,2.878,,5.875,0.0,-0.1,,-0.3,,,,,2.2,
1986/09,,4.317,,5.875,0.3,0.6,,-0.4,,,,,3.5,
1986/10,,0.52,,5.875,-0.9,-1.0,,-0.5,,,,,1.3,
1986/11,,1.04,,5.875,-0.1,-0.2,,-0.6,,,,,1.8,
1986/12,,1.56,,5.875,0.1,0.0,,-0.6,,,,,2.7,
1987/01,,1.0706666666666669,,6.0,0.1,0.4,,-0.7,,,,,1.4,
1987/02,,2.1413333333333333,,6.0,0.2,0.2,,-0.3,,,,,1.8,
1987/03,,3.212,,6.0,0.3,0.8,,-0.5,,,,,3.4,
1987/04,,1.651,,6.5,0.8,0.6,,-1.3,,,,,2.6,
1987/05,,3.302,,6.75,0.4,1.5,,-1.5,,,,,2.9,
1987/06,,4.953,,6.75,-0.8,-0.1,,-1.7,,,,,2.0,
1987/07,,0.3253333333333333,,6.625,0.0,-0.3,,-0.8,,,,,1.5,
1987/08,,0.6506666666666666,,6.75,0.5,1.4,,0.0,,,,,1.8,
1987/09,,0.976,,7.313,0.5,0.7,,-0.2,,,,,3.3,
1987/10,,0.6783333333333333,,7.313,-0.2,0.1,,-0.2,,,,,2.0,
1987/11,,1.356666666666667,,6.813,-0.4,-0.2,,-0.7,,,,,0.9,
1987/12,,2.035,,6.813,1.2,0.8,,-0.5,,,,,4.5,
1988/01,,2.5676666666666668,,6.625,0.6,0.6,,-0.9,,,,,3.3,
1988/02,,5.1353333333333335,,6.5,0.6,1.6,,-1.8,,,,,0.9,
1988/03,,7.703,,6.75,-0.2,1.4,,-2.6,,,,,2.6,
1988/04,,-0.7203333333333334,,6.75,-0.3,-0.2,,-1.6,,,,,1.8,
1988/05,,-1.4406666666666668,,7.25,0.4,0.5,,-0.8,,,,,1.0,
1988/06,,-2.161,,7.438,0.1,0.6,,-0.8,,,,,2.7,
1988/07,,1.0486666666666666,,7.688,0.4,0.2,,-0.5,,,,,1.6,
1988/08,,2.0973333333333333,,8.125,0.5,0.5,,-0.4,,,,,3.4,
1988/09,,3.146,,8.125,-0.3,0.3,,-0.4,,,,,2.9,
1988/10,,1.085,,8.125,-0.6,-0.3,,-1.5,,,,,1.6,
1988/11,,2.17,,8.375,0.6,0.8,,-2.3,,,,,1.8,
1988/12,,3.255,,8.688,0.5,0.9,,-1.2,,,,,3.1,
1989/01,,0.0143333333333333,,9.0,-0.2,0.2,,-0.4,,,,,1.7,
1989/02,,0.0286666666666666,,9.75,0.2,0.3,,-0.8,,,,,0.9,
1989/03,,0.043,,9.75,0.0,0.7,,-0.6,,,,,2.3,
1989/04,,0.487,,9.75,0.4,0.4,,-0.8,,,,,1.1,
1989/05,,0.974,,9.813,0.4,1.3,,-0.1,,,,,1.1,
1989/06,,1.461,,9.563,0.0,0.2,,0.0,,,,,0.7,
1989/07,,0.8546666666666667,,9.063,-0.7,-0.1,,0.1,,,,,1.5,
1989/08,,1.7093333333333334,,9.063,0.4,0.8,,0.2,,,,,0.6,
1989/09,,2.564,,9.063,0.6,0.9,,0.2,,,,,4.0,
1989/10,,1.3766666666666667,,8.75,0.2,0.2,,0.2,,,,,1.4,
1989/11,,2.7533333333333334,,8.5,-0.3,0.2,,0.2,,,,,1.3,
1989/12,,4.13,,8.25,0.1,-0.1,,0.4,,,,,3.5,
1990/01,,0.3396666666666666,,8.25,1.1,2.3,,1.2,,,,,4.9,
1990/02,,0.6793333333333332,-4.2,8.25,0.1,0.6,,0.9,,,,,1.1,
1990/03,,1.019,-6.533333333333334,8.25,0.4,1.0,,1.1,,,,,2.6,
1990/04,,0.7436666666666666,-9.066666666666666,8.25,0.6,1.1,,1.2,,,,,1.8,
1990/05,,1.4873333333333332,0.2666666666666666,8.25,0.7,1.1,,0.5,,,,,1.6,
1990/06,,2.231,-8.5,8.25,0.3,0.5,,0.9,,,,,1.5,
1990/07,,1.0776666666666668,13.066666666666668,8.0,-0.1,0.3,,0.1,,,,,1.0,
1990/08,,2.155333333333333,54.633333333333326,8.0,0.4,0.4,,-0.1,,,,,-0.8,
1990/09,,3.2330000000000005,24.4,8.0,1.3,0.6,,-0.1,,,,,5.7,
1990/10,,0.6776666666666666,5.466666666666666,7.75,0.9,0.3,,0.0,,,,,1.4,
1990/11,,1.3553333333333333,-10.166666666666666,7.5,0.1,0.1,,-0.1,,,,,1.8,
1990/12,,2.033,-16.3,7.0,1.1,0.6,,0.2,,,,,4.1,
1991/01,,1.25,-12.533333333333331,6.75,0.6,2.1,,0.3,,,,,1.1,
1991/02,,2.5,-20.933333333333334,6.25,0.4,1.3,,0.5,,,,,1.6,
1991/03,,3.75,0.3,6.0,0.1,1.2,,0.5,,,,,1.7,
1991/04,,0.5536666666666666,2.033333333333333,5.75,0.0,0.5,,0.1,,,,,0.6,
1991/05,,1.1073333333333333,1.7666666666666668,5.75,-0.1,0.3,,0.0,,,,,1.4,
1991/06,,1.661,-4.633333333333333,5.75,0.0,0.6,,0.0,,,,,0.9,
1991/07,,0.715,6.1000000000000005,5.75,-0.1,0.6,,0.5,,,,,1.9,
1991/08,,1.43,1.7666666666666666,5.5,0.5,0.8,,0.3,,,,,0.3,
1991/09,,2.145,3.9666666666666655,5.25,0.1,0.5,,1.2,,,,,3.1,
1991/10,,0.8346666666666667,6.833333333333333,5.0,0.1,0.2,,1.2,,,,,2.2,
1991/11,,1.6693333333333331,-3.8,4.75,0.0,0.4,,0.5,,,,,1.3,
1991/12,,2.504,-14.4,4.0,0.3,0.2,,0.6,,,,,1.3,
1992/01,,0.5933333333333334,-1.4666666666666668,4.0,0.4,0.7,,0.7,,,,,2.2,
1992/02,,1.1866666666666668,1.4666666666666666,4.0,0.1,0.6,,0.4,,,,,1.3,
1992/03,,1.7800000000000002,-1.0,4.0,0.4,1.1,,0.7,,,,,1.5,
1992/04,,0.2339999999999999,6.766666666666667,3.75,0.1,0.6,,0.9,,,,,1.6,
1992/05,,0.4679999999999999,4.833333333333333,3.75,0.3,0.6,,0.6,,,,,1.4,
1992/06,,0.702,6.966666666666666,3.75,0.4,0.2,,0.8,,,,,0.5,
1992/07,,0.0226666666666666,-3.233333333333333,3.25,0.7,0.4,,-0.2,,,,,1.9,
1992/08,,0.0453333333333333,-2.733333333333333,3.25,0.0,0.2,,0.3,,,,,1.2,
1992/09,,0.068,2.733333333333333,3.0,-0.4,0.3,,-0.5,,,,,1.4,
1992/10,,0.5203333333333333,-0.6666666666666666,3.0,-0.3,-0.1,,-0.2,,,,,2.7,
1992/11,,1.0406666666666666,-5.766666666666667,3.0,-0.3,-0.5,,0.0,,,,,2.3,
1992/12,,1.561,-4.866666666666667,3.0,0.1,0.3,,0.6,,,,,1.7,
1993/01,,0.6636666666666667,-3.866666666666667,3.0,0.4,0.8,,0.4,,,,,2.4,
1993/02,,1.3273333333333337,5.133333333333334,3.0,0.0,0.7,,0.6,,,,,1.5,
1993/03,,1.991,1.6666666666666667,3.0,0.7,1.3,,-0.4,,,,,1.6,
1993/04,,0.855,-0.0333333333333333,3.0,0.3,0.6,,0.3,,,,,0.8,
1993/05,,1.71,-1.3666666666666665,3.0,0.1,0.3,,0.5,,,,,1.5,
1993/06,,2.565,-4.166666666666667,3.0,0.1,0.5,,0.3,,,,,1.5,
1993/07,,0.6146666666666667,-6.766666666666667,3.0,-0.1,-0.1,,0.4,,,,,1.5,
1993/08,,1.2293333333333334,1.3333333333333333,3.0,0.2,0.3,,0.3,,,,,1.6,
1993/09,,1.844,-3.4333333333333336,3.0,0.3,0.5,,0.0,,,,,1.7,
1993/10,,0.638,3.733333333333334,3.0,-0.3,0.4,,0.2,,,,,1.1,
1993/11,,1.276,-7.666666666666667,3.0,0.0,-0.2,,-0.4,,,,,1.1,
1993/12,,1.914,-11.833333333333334,3.0,0.3,0.6,,0.3,,,,,1.5,
1994/01,,0.9723333333333332,5.2,3.0,1.0,1.3,,0.1,,,,,0.9,
1994/02,,1.9446666666666663,-2.533333333333333,3.25,0.2,1.1,,-0.2,,,,,2.3,
1994/03,,2.917,-2.033333333333333,3.5,-0.1,0.9,,-0.2,,,,,2.0,
1994/04,,0.5439999999999999,11.666666666666666,3.75,0.1,0.2,,0.1,,,,,2.3,
1994/05,,1.088,8.5,4.25,-0.1,0.1,,-0.2,,,,,1.1,
1994/06,,1.6319999999999997,5.633333333333333,4.25,0.4,0.7,,0.0,,,,,1.3,
1994/07,,0.5606666666666666,4.533333333333334,4.25,0.4,0.9,,-0.2,,,,,2.2,
1994/08,,1.1213333333333333,-5.3,4.75,1.0,0.8,,-0.2,,,,,1.3,
1994/09,,1.682,-4.833333333333333,4.75,0.0,-0.3,,-0.3,,,,,1.8,
1994/10,,1.31,1.7666666666666668,4.75,0.2,-0.3,,-0.2,,,,,0.6,
1994/11,,2.62,3.733333333333333,5.5,0.0,0.2,,-0.3,,,,,2.0,
1994/12,,3.93,-5.233333333333333,5.5,0.6,0.1,,-0.6,,,,,1.5,
1995/01,,0.6966666666666667,3.9666666666666655,5.5,1.0,0.9,,-0.2,,,,,1.5,
1995/02,,1.393333333333333,3.4,6.0,0.4,0.4,,0.0,,,,,0.2,
1995/03,,2.09,-0.5,6.0,0.7,1.0,,-1.5,,,,,1.4,
1995/04,,0.6739999999999999,7.399999999999999,6.0,0.6,0.6,,-1.4,,,,,2.3,
1995/05,,1.348,-0.5333333333333333,6.0,0.3,0.2,,-0.8,,,,,1.3,
1995/06,,2.022,-6.633333333333333,6.0,0.1,-0.3,,0.0,,,,,1.3,
1995/07,,0.6920000000000001,-6.733333333333333,5.75,0.2,0.3,,-0.5,,,,,2.0,
1995/08,,1.384,2.5,5.75,0.0,0.6,,1.4,,,,,1.5,
1995/09,,2.076,1.5,5.75,0.7,0.9,,0.6,,,,,2.1,
1995/10,,0.6236666666666667,-3.8333333333333335,5.75,-0.4,-0.5,,-0.6,,,,,1.5,
1995/11,,1.2473333333333334,4.466666666666667,5.75,-0.3,-0.2,,0.3,,,,,2.1,
1995/12,,1.871,7.666666666666667,5.5,0.4,0.7,,0.2,,,,,2.6,
1996/01,,0.636,-1.3,5.25,1.3,1.0,,2.1,,,,,0.8,
1996/02,,1.272,-1.6333333333333335,5.25,0.4,0.4,,-0.9,,,,,1.2,
1996/03,,1.908,9.633333333333333,5.25,-0.3,0.7,,0.1,,,,,1.4,
1996/04,,0.6733333333333333,7.133333333333333,5.25,0.5,0.7,,-0.1,,,,,2.1,
1996/05,,1.346666666666667,-7.566666666666667,5.25,0.1,0.6,,0.0,,,,,1.2,
1996/06,,2.02,-1.8,5.25,0.3,0.0,,2.3,,,,,1.1,
1996/07,,0.5863333333333333,4.266666666666667,5.25,0.7,0.5,,1.9,,,,,1.8,
1996/08,,1.1726666666666663,4.166666666666667,5.25,0.1,0.5,,0.5,,,,,1.1,
1996/09,,1.759,10.0,5.25,0.2,0.2,,0.6,,,,,2.0,
1996/10,,0.564,5.333333333333333,5.25,0.0,0.0,,0.7,,,,,0.6,
1996/11,,1.128,-4.233333333333333,5.25,0.0,0.0,,0.1,,,,,1.6,
1996/12,,1.6919999999999995,4.9,5.25,0.3,0.4,,1.3,,,,,1.3,
1997/01,,0.156,-1.2666666666666666,5.25,1.2,0.8,,1.3,,,,,1.2,
1997/02,,0.312,-11.666666666666666,5.25,0.4,0.6,,2.0,,,,,1.5,
1997/03,,0.4679999999999999,-5.3,5.5,-0.1,0.4,,1.4,,,,,1.3,
1997/04,,1.1836666666666666,-7.633333333333333,5.5,0.3,0.5,,1.6,,,,,0.9,
1997/05,,2.3673333333333333,8.1,5.5,0.1,0.1,,-0.2,,,,,1.3,
1997/06,,3.551,-7.366666666666667,5.5,0.1,0.2,,-0.3,,,,,1.2,
1997/07,,0.264,2.3000000000000003,5.5,0.0,0.2,,0.1,,,,,2.1,
1997/08,,0.528,1.7666666666666666,5.5,0.2,0.7,,0.6,,,,,1.4,
1997/09,,0.792,-0.2,5.5,0.3,0.5,,1.5,,,,,2.3,
1997/10,,-0.152,7.3,5.5,-0.2,0.0,,1.4,,,,,1.0,
1997/11,,-0.304,-4.2,5.5,0.5,0.1,,11.3,,,,,1.9,
1997/12,,-0.4559999999999999,-10.1,5.5,6.5,2.5,,44.7,,,,,2.4,
1998/01,,-2.2726666666666664,-11.9,5.5,4.2,2.4,,15.0,,,,,2.3,
1998/02,,-4.545333333333333,-6.9,5.5,2.5,1.7,,-4.9,,,,,2.5,
1998/03,,-6.818,-6.766666666666667,5.5,-0.2,-0.2,,-7.3,,,,,1.5,
1998/04,,-0.2693333333333333,3.466666666666667,5.5,0.1,0.3,,-7.5,,,,,1.4,
1998/05,,-0.5386666666666667,2.266666666666666,5.5,-1.1,-0.5,,0.2,,,,,0.8,
1998/06,,-0.808,-8.233333333333333,5.5,-0.1,-0.4,,0.2,,,,,2.2,
1998/07,,0.5823333333333334,0.066666666666667,5.5,-0.5,0.0,,-6.9,,,,,2.1,
1998/08,,1.1646666666666667,-2.266666666666667,5.5,-0.7,0.3,,0.2,,,,,2.3,
1998/09,,1.747,10.366666666666664,5.25,0.1,0.4,,5.2,,,,,1.6,
1998/10,,0.832,-3.7000000000000006,5.0,0.0,0.3,,-2.5,,,,,1.4,
1998/11,,1.664,-10.233333333333333,4.75,-0.2,-0.3,,-3.2,,,,,1.5,
1998/12,,2.496,-12.333333333333334,4.75,-0.6,-0.2,,-6.2,,,,,0.9,
1999/01,,1.0116666666666667,8.966666666666667,4.75,-1.1,-0.1,,-3.0,,,,,1.2,
1999/02,,2.023333333333333,-5.533333333333334,4.75,-0.2,0.4,,0.8,,,,,2.0,
1999/03,,3.035,22.8,4.75,-0.2,0.2,,3.6,,,,,0.1,
1999/04,,1.461,19.6,4.75,0.3,0.3,,-1.6,,,,,1.1,
1999/05,,2.922,2.1333333333333333,4.75,0.4,-0.2,,-1.0,,,,,0.3,4.75
1999/06,,4.383,1.8333333333333333,5.0,-0.6,-0.6,7.3,-2.3,,,,,0.5,4.75
1999/07,,0.927,14.833333333333334,5.0,-0.2,-0.3,7.0,1.4,,,,,0.2,4.75
1999/08,,1.854,7.666666666666667,5.25,0.7,1.0,6.4,1.2,,,,,-0.3,4.75
1999/09,,2.781,12.666666666666666,5.25,0.5,0.3,5.7,-0.2,,,,,-0.8,4.75
1999/10,,0.962,-4.1000000000000005,5.25,1.0,0.8,5.5,0.8,,,,,0.4,4.75
1999/11,,1.924,10.366666666666667,5.5,0.6,-0.2,5.2,-2.4,,,,,0.5,4.75
1999/12,,2.886,3.1333333333333333,5.5,-0.2,-0.2,5.1,-3.3,,,,,-0.1,4.75
2000/01,,0.5810000000000001,1.0666666666666669,5.5,1.0,0.4,5.0,-0.6,,,,,-0.8,4.75
2000/02,,1.162,7.7,5.75,-0.2,0.3,4.8,-0.2,,,,,0.2,5.0
2000/03,,1.7430000000000003,0.4666666666666666,6.0,-0.1,0.5,4.6,-1.0,,,,,0.9,5.0
2000/04,0.2666666666666666,0.5136666666666666,-13.5,6.0,-0.5,-0.4,4.5,-0.7,,,,,0.6,5.0
2000/05,0.2666666666666666,1.0273333333333332,15.5,6.5,-0.2,-0.5,4.4,0.9,,,,,-0.3,5.0
2000/06,0.2666666666666666,1.541,8.666666666666666,6.5,0.2,0.5,4.2,-0.1,,,,,0.0,5.0
2000/07,1.0666666666666669,0.9153333333333332,-4.933333333333334,6.5,0.1,0.4,4.2,-0.3,,,,,0.2,5.0
2000/08,1.0666666666666669,1.8306666666666669,5.833333333333333,6.5,0.0,0.5,4.2,0.0,,,,,0.9,5.0
2000/09,1.0666666666666669,2.746,8.266666666666667,6.5,0.3,1.3,4.5,0.2,,,,,1.1,5.0
2000/10,0.3333333333333333,-0.1106666666666666,-2.3000000000000003,6.5,-0.1,-0.1,4.1,1.0,,,,,-0.8,5.25
2000/11,0.3333333333333333,-0.2213333333333333,2.966666666666667,6.5,0.0,-0.6,4.2,2.1,,,,,1.0,5.25
2000/12,0.3333333333333333,-0.332,-22.566666666666663,6.5,0.1,0.4,4.3,5.5,,,,,0.6,5.25
2001/01,1.0,0.3353333333333333,2.433333333333333,5.5,0.3,1.1,4.4,4.8,,,,,0.5,5.25
2001/02,1.0,0.6706666666666666,6.1000000000000005,5.5,-0.2,0.5,4.6,-1.6,,,,,0.7,5.0
2001/03,1.0,1.006,-7.733333333333334,5.0,0.2,0.9,4.6,2.9,,,,,0.2,5.0
2001/04,0.7999999999999999,0.5026666666666667,2.533333333333333,4.5,-0.1,0.4,4.1,2.9,,,,,0.1,5.0
2001/05,0.7999999999999999,1.0053333333333334,6.1000000000000005,4.0,-0.1,-0.1,3.9,-2.0,,,,,0.6,5.0
2001/06,0.7999999999999999,1.508,-1.2666666666666666,3.75,-0.4,0.3,3.8,-0.4,,,,,1.0,5.0
2001/07,0.5666666666666667,0.4246666666666667,-8.0,3.75,-0.1,0.2,3.8,0.7,,,,,1.7,4.75
2001/08,0.5666666666666667,0.8493333333333334,3.966666666666667,3.5,-0.5,0.4,3.7,-1.3,,,,,1.1,4.5
2001/09,0.5666666666666667,1.274,-1.833333333333333,3.0,-0.3,-0.1,3.7,0.6,,,,,1.4,4.0
2001/10,0.0,0.5066666666666667,-17.233333333333334,2.5,-0.5,0.0,3.7,0.7,,,,,0.4,4.0
2001/11,0.0,1.0133333333333334,-11.033333333333331,2.0,-0.4,-0.6,3.7,-1.4,,,,,0.3,4.0
2001/12,0.0,1.52,-0.5666666666666667,1.75,-0.6,0.2,3.7,0.4,,,,,0.0,4.0
2002/01,2.0,0.9286666666666666,3.866666666666667,1.75,0.2,0.6,3.6,2.2,,,,,0.7,4.0
2002/02,2.0,1.8573333333333333,4.333333333333333,1.75,0.5,0.5,3.4,0.1,,,,,0.9,4.0
2002/03,2.0,2.786,18.2,1.75,0.5,0.6,3.4,0.3,,,,,2.3,4.0
2002/04,0.9,0.6346666666666666,7.066666666666667,1.75,0.8,0.6,3.4,-0.3,,,,,1.2,4.0
2002/05,0.9,1.2693333333333332,0.8333333333333334,1.75,0.4,0.4,3.3,-4.0,,,,,0.7,4.25
2002/06,0.9,1.904,-4.433333333333333,1.75,-0.6,-0.1,3.1,-3.4,,,,,1.1,4.25
2002/07,0.3333333333333333,0.619,4.8,1.75,-0.3,-0.3,3.2,-3.1,,,,,0.7,4.25
2002/08,0.3333333333333333,1.238,3.766666666666667,1.75,0.1,0.7,3.3,0.9,,,,,0.4,4.25
2002/09,0.3333333333333333,1.857,5.966666666666666,1.75,0.2,0.6,3.0,1.0,,,,,1.3,4.25
2002/10,0.8666666666666667,0.3146666666666666,-3.1,1.75,0.1,-0.3,3.1,2.7,,,,,1.3,4.25
2002/11,0.8666666666666667,0.6293333333333333,-10.233333333333334,1.25,0.2,0.1,3.1,-2.4,,,,,1.8,4.25
2002/12,0.8666666666666667,0.944,13.466666666666669,1.25,0.0,0.5,3.1,-0.2,1.8,1.5,8.5,,0.8,4.25
2003/01,0.3666666666666667,-0.179,9.1,1.25,0.8,0.6,3.3,-2.5,,,,,0.6,4.25
2003/02,0.3666666666666667,-0.358,7.8,1.25,0.5,0.5,3.2,1.0,,,,,0.4,4.25
2003/03,0.3666666666666667,-0.537,-8.0,1.25,1.0,1.2,3.3,3.5,,,,,1.0,4.25
2003/04,0.3,0.022,-15.333333333333334,1.25,-0.5,-0.2,3.4,0.0,,,,,-0.2,4.25
2003/05,0.3,0.044,1.8,1.25,-0.6,-0.2,3.6,-2.7,,,,,-0.4,4.0
2003/06,0.3,0.066,7.233333333333333,1.0,-0.5,-0.3,3.6,-0.5,,,,,0.0,4.0
2003/07,0.4333333333333333,0.533,2.533333333333333,1.0,0.2,-0.1,3.7,-1.0,,,,,-0.1,3.75
2003/08,0.4333333333333333,1.066,3.766666666666667,1.0,0.4,0.5,3.7,-0.3,,,,,0.1,3.75
2003/09,0.4333333333333333,1.5990000000000002,-9.366666666666667,1.0,0.4,0.9,3.7,-1.0,,,,,0.5,3.75
2003/10,1.3333333333333333,0.85,7.8,1.0,0.3,0.1,3.8,0.0,,,,,-0.7,3.75
2003/11,1.3333333333333333,1.7,0.2666666666666666,1.0,0.5,-0.2,3.9,1.6,,,,,1.3,3.75
2003/12,1.3333333333333333,2.55,2.9333333333333336,1.0,0.7,0.5,3.7,0.7,1.9,1.8,7.8,-0.8,0.6,3.75
2004/01,0.7666666666666666,0.4743333333333333,4.733333333333333,1.0,1.4,0.6,3.5,-0.7,,,,-0.5,-0.1,3.75
2004/02,0.7666666666666666,0.9486666666666668,0.0999999999999999,1.0,1.2,0.4,3.5,-1.5,,,,0.0,0.6,3.75
2004/03,0.7666666666666666,1.423,6.8,1.0,1.0,1.0,3.6,0.0,,,,0.2,1.1,3.75
2004/04,0.6,0.2779999999999999,1.0666666666666669,1.0,0.5,0.0,3.6,-1.3,,,,0.2,0.2,3.75
2004/05,0.6,0.5559999999999999,10.766666666666666,1.0,0.2,-0.1,3.7,2.3,,,,0.0,0.3,3.75
2004/06,0.6,0.8339999999999999,-4.866666666666667,1.25,-0.1,0.0,3.5,-1.6,,,,-0.2,0.6,3.75
2004/07,0.3999999999999999,0.0853333333333333,6.433333333333334,1.25,0.4,0.6,3.8,-0.1,,,,-0.3,0.5,3.75
2004/08,0.3999999999999999,0.1706666666666666,10.333333333333334,1.5,0.9,0.9,3.8,0.1,,,,-0.5,0.5,3.5
2004/09,0.3999999999999999,0.256,-0.7333333333333333,1.75,0.4,0.0,3.7,-1.0,,,,-0.2,1.1,3.5
2004/10,0.4333333333333333,0.2733333333333333,12.300000000000002,1.75,0.0,0.0,3.7,-0.3,,,,-0.3,0.1,3.5
2004/11,0.4333333333333333,0.5466666666666666,-9.933333333333332,2.0,0.1,-0.6,3.8,-4.6,,,,-0.5,0.2,3.25
2004/12,0.4333333333333333,0.82,-7.033333333333334,2.25,-0.7,0.2,3.8,-3.7,1.8,1.7,4.1,-0.3,0.6,3.25
2005/01,0.2666666666666666,0.312,10.433333333333332,2.25,1.0,1.0,3.8,-1.2,,,,-0.3,0.4,3.25
2005/02,0.2666666666666666,0.624,3.033333333333333,2.5,0.2,0.4,3.6,-1.5,,,,0.3,0.7,3.25
2005/03,0.2666666666666666,0.936,15.1,2.75,0.1,0.6,3.7,-1.5,,,,0.3,1.3,3.25
2005/04,0.5,0.625,-0.2999999999999999,2.75,0.3,0.1,3.7,0.3,,,,0.5,0.5,3.25
2005/05,0.5,1.25,-5.5,3.0,-0.6,-0.1,3.7,-0.9,2.4,1.9,4.7,0.5,0.3,3.25
2005/06,0.5,1.875,12.5,3.25,-0.5,-0.3,3.8,0.9,1.8,1.5,3.1,0.8,1.1,3.25
2005/07,0.7000000000000001,0.4679999999999999,4.366666666666666,3.25,0.6,0.4,3.8,2.6,2.0,1.6,3.5,0.7,0.9,3.25
2005/08,0.7000000000000001,0.936,9.666666666666666,3.5,0.3,0.3,3.7,-1.6,2.1,1.6,3.7,0.5,0.4,3.25
2005/09,0.7000000000000001,1.404,0.0666666666666666,3.75,0.4,0.5,4.0,0.8,1.8,1.4,2.7,0.2,-0.1,3.25
2005/10,0.5666666666666667,0.3823333333333333,-5.933333333333334,3.75,0.3,-0.2,3.9,1.6,1.9,1.4,3.0,0.0,0.0,3.5
2005/11,0.5666666666666667,0.7646666666666667,-5.5,4.0,-0.3,-0.4,3.6,-0.5,1.8,1.4,3.0,0.0,0.3,3.5
2005/12,0.5666666666666667,1.147,2.833333333333333,4.25,-0.3,0.3,3.5,-1.7,1.3,1.1,2.2,0.2,1.0,3.75
2006/01,0.0999999999999999,0.53,10.166666666666668,4.5,0.3,0.6,3.4,-3.6,1.7,1.3,2.5,0.3,0.6,3.75
2006/02,0.0999999999999999,1.06,-3.8333333333333335,4.5,0.0,0.2,3.5,-1.7,1.7,1.4,2.7,0.3,0.7,4.0
2006/03,0.0999999999999999,1.59,2.433333333333333,4.75,-0.1,0.6,3.5,0.5,1.5,1.2,2.1,0.6,0.7,4.0
2006/04,0.1999999999999999,0.2406666666666666,11.1,4.75,0.2,0.1,3.5,-2.1,1.6,1.2,2.3,1.0,0.6,4.0
2006/05,0.1999999999999999,0.4813333333333333,1.1,5.0,0.3,0.2,3.4,-1.4,1.7,1.3,2.5,0.8,0.7,4.0
2006/06,0.1999999999999999,0.722,-0.6666666666666666,5.25,-0.2,-0.2,3.5,1.5,1.2,1.0,1.9,0.6,1.6,4.25
2006/07,0.7999999999999999,0.5223333333333333,5.866666666666667,5.25,0.3,0.4,3.5,-0.5,1.5,1.0,2.2,0.2,0.9,4.25
2006/08,0.7999999999999999,1.0446666666666666,-0.9666666666666668,5.25,0.7,0.6,3.5,1.1,1.5,1.2,2.5,0.3,0.2,4.5
2006/09,0.7999999999999999,1.567,-13.466666666666669,5.25,0.3,0.3,3.5,-0.7,1.3,0.9,1.9,0.6,1.3,4.5
2006/10,0.4333333333333333,0.2769999999999999,-6.566666666666666,5.25,-0.9,-0.5,3.6,0.1,1.5,1.1,2.4,1.4,1.1,4.5
2006/11,0.4333333333333333,0.5539999999999999,0.8000000000000002,5.25,-0.5,-0.5,3.5,-1.9,1.4,0.9,2.5,2.9,1.2,4.5
2006/12,0.4333333333333333,0.831,4.166666666666667,5.25,-0.1,0.3,3.4,-1.1,1.0,0.7,0.1,1.9,1.3,4.5
2007/01,0.7999999999999999,0.591,-11.8,5.25,0.0,0.2,3.3,1.1,1.2,0.8,1.9,1.3,0.5,4.5
2007/02,0.7999999999999999,1.182,7.466666666666666,5.25,0.1,0.7,3.1,0.1,1.3,0.9,2.1,0.6,0.9,4.5
2007/03,0.7999999999999999,1.773,5.133333333333333,5.25,0.4,0.6,3.2,0.7,1.2,0.8,1.7,0.4,0.7,4.5
2007/04,0.7999999999999999,0.5643333333333334,7.433333333333333,5.25,0.7,0.4,3.3,-1.2,1.3,0.8,1.8,0.3,0.2,4.5
2007/05,0.7999999999999999,1.1286666666666667,0.1,5.25,0.6,0.1,3.3,-0.4,1.2,0.9,1.8,0.3,0.5,4.5
2007/06,0.7999999999999999,1.693,4.433333333333334,5.25,0.2,0.0,3.3,0.0,0.9,0.6,1.4,0.3,1.6,4.5
2007/07,0.5666666666666667,0.3946666666666666,7.8,5.25,0.1,0.4,3.3,-1.0,1.1,0.7,1.6,0.3,0.9,4.75
2007/08,0.5666666666666667,0.7893333333333333,-4.166666666666667,5.25,-0.1,0.1,3.3,1.6,1.2,0.8,1.8,0.4,0.6,5.0
2007/09,0.5666666666666667,1.184,8.933333333333334,4.75,0.5,0.6,3.2,-0.1,1.1,0.7,0.1,0.4,0.9,5.0
2007/10,1.0333333333333334,0.6563333333333333,7.166666666666667,4.5,0.2,0.2,3.3,-1.8,1.2,0.7,1.6,0.6,0.9,5.0
2007/11,1.0333333333333334,1.3126666666666666,11.2,4.5,0.4,0.0,3.3,0.1,1.1,0.7,1.7,0.6,1.7,5.0
2007/12,1.0333333333333334,1.969,-1.5666666666666669,4.25,0.4,0.4,3.2,1.4,0.9,0.6,1.3,0.3,1.5,5.0
2008/01,0.0666666666666666,0.2513333333333333,1.0000000000000002,3.0,0.6,0.5,3.0,1.3,1.1,0.7,1.6,0.5,1.3,5.0
2008/02,0.0666666666666666,0.5026666666666667,2.9333333333333336,3.0,0.9,0.4,2.9,0.2,1.2,0.8,1.9,0.4,1.8,5.0
2008/03,0.0666666666666666,0.754,8.833333333333334,2.25,1.3,0.9,3.0,3.7,1.2,0.6,1.4,1.1,1.1,5.0
2008/04,0.8333333333333334,0.1213333333333333,7.0,2.0,2.1,0.6,3.1,0.7,1.3,0.7,1.5,1.2,1.2,5.0
2008/05,0.8333333333333334,0.2426666666666666,13.133333333333333,2.0,2.0,0.8,3.2,5.1,1.3,0.7,1.8,0.9,1.3,5.0
2008/06,0.8333333333333334,0.364,7.1000000000000005,2.0,1.6,0.6,3.1,-0.7,1.0,0.5,1.4,1.2,1.0,5.0
2008/07,0.3999999999999999,0.2213333333333333,0.7000000000000001,2.0,2.0,0.7,3.1,-1.0,1.2,0.6,1.6,0.8,0.7,5.0
2008/08,0.3999999999999999,0.4426666666666667,-13.7,2.0,-0.3,-0.2,3.3,2.2,1.3,0.7,1.9,0.4,0.5,5.25
2008/09,0.3999999999999999,0.664,-12.733333333333334,2.0,-0.4,0.1,3.2,8.5,1.3,0.6,1.6,0.5,0.7,5.25
2008/10,-0.6666666666666666,-1.1246666666666667,-28.0,1.0,-0.3,-0.1,3.3,17.4,1.5,0.7,1.8,0.0,0.6,4.25
2008/11,-0.6666666666666666,-2.2493333333333334,-26.066666666666663,1.0,-2.3,-0.3,3.4,4.8,1.7,0.7,2.1,-0.5,1.6,4.0
2008/12,-0.6666666666666666,-3.374,-24.26666666666667,0.125,-1.7,0.0,3.4,-1.2,1.5,0.6,1.8,-0.8,0.7,3.0
2009/01,0.2333333333333333,0.088,6.666666666666667,0.125,-0.3,0.1,3.3,-2.0,2.0,0.8,2.4,-0.5,0.3,2.5
2009/02,0.2333333333333333,0.176,-3.466666666666667,0.125,0.7,0.7,3.3,6.2,2.3,0.9,2.8,-0.3,1.2,2.0
2009/03,0.2333333333333333,0.264,12.533333333333331,0.125,0.5,0.7,3.5,2.3,2.0,0.7,2.2,-0.1,0.9,2.0
2009/04,0.9666666666666668,0.4506666666666667,7.233333333333333,0.125,0.1,0.3,3.7,-8.2,2.3,0.8,2.4,0.0,0.8,2.0
2009/05,0.9666666666666668,0.9013333333333334,16.63333333333333,0.125,-0.8,0.0,3.9,-6.2,2.3,0.8,2.7,0.1,0.6,2.0
2009/06,0.9666666666666668,1.352,18.4,0.125,-0.3,-0.1,3.9,0.2,1.7,0.6,2.1,0.3,0.7,2.0
2009/07,1.0,1.017,-5.533333333333334,0.125,1.1,0.4,3.8,0.2,1.9,0.6,2.3,0.3,0.7,2.0
2009/08,1.0,2.0340000000000003,10.666666666666666,0.125,0.6,0.4,3.8,-2.0,1.9,0.7,2.4,0.3,0.8,2.0
2009/09,1.0,3.051,-5.066666666666666,0.125,0.1,0.1,3.7,-1.6,1.6,0.6,1.8,0.8,0.7,2.0
2009/10,0.2333333333333333,0.244,8.600000000000001,0.125,-0.8,-0.3,3.6,-3.6,1.7,0.6,2.0,0.4,1.0,2.0
2009/11,0.2333333333333333,0.488,4.5,0.125,0.3,0.2,3.7,-0.9,1.6,0.6,1.9,0.3,0.8,2.0
2009/12,0.2333333333333333,0.732,-3.4333333333333336,0.125,0.5,0.4,3.6,0.2,1.0,0.5,1.4,0.1,0.4,2.0
2010/01,1.2333333333333334,0.781,3.233333333333333,0.125,0.4,0.8,4.6,-2.4,1.4,0.6,1.7,0.1,0.3,2.0
2010/02,1.2333333333333334,1.562,-3.1666666666666665,0.125,0.2,0.2,4.0,1.6,1.6,0.6,1.8,0.3,1.3,2.0
2010/03,1.2333333333333334,2.343,6.7,0.125,0.5,0.2,3.7,-1.7,1.5,0.5,1.4,0.1,0.8,2.0
2010/04,0.9333333333333332,0.5386666666666667,5.9,0.125,0.7,0.4,3.6,-1.8,1.5,0.6,1.6,0.3,0.8,2.0
2010/05,0.9333333333333332,1.0773333333333337,-10.6,0.125,0.8,0.1,3.2,4.1,1.7,0.6,1.8,0.0,0.6,2.0
2010/06,0.9333333333333332,1.616,-0.5666666666666667,0.125,0.1,-0.1,3.5,4.2,1.3,0.6,1.5,0.0,1.0,2.0
2010/07,0.3666666666666667,0.3389999999999999,-0.1666666666666666,0.125,0.2,0.2,3.8,-0.4,1.7,0.7,1.7,-0.1,0.3,2.25
2010/08,0.3666666666666667,0.6779999999999999,1.6000000000000003,0.125,0.3,0.5,3.5,-2.3,2.1,0.8,1.8,-0.1,0.1,2.25
2010/09,0.3666666666666667,1.017,0.4333333333333333,0.125,0.6,0.8,3.8,-1.1,1.7,0.7,1.5,0.0,0.3,2.25
2010/10,0.6333333333333333,0.4706666666666666,7.266666666666667,0.125,0.4,0.0,3.7,-3.7,1.7,0.7,1.7,0.3,0.6,2.25
2010/11,0.6333333333333333,0.9413333333333332,3.1666666666666665,0.125,0.3,-0.5,3.3,0.2,1.7,0.7,1.7,0.3,0.6,2.5
2010/12,0.6333333333333333,1.412,6.766666666666667,0.125,0.9,0.4,3.7,1.9,1.1,0.6,1.3,0.4,0.2,2.5
2011/01,0.1666666666666666,0.3183333333333333,3.1666666666666665,0.125,1.5,1.2,3.5,-2.4,1.3,0.7,1.6,0.4,-0.4,2.75
2011/02,0.1666666666666666,0.6366666666666666,4.966666666666667,0.125,0.7,0.7,3.7,-0.2,1.5,0.7,1.9,0.8,-0.1,2.75
2011/03,0.1666666666666666,0.9549999999999998,11.233333333333334,0.125,1.2,0.4,3.8,0.4,1.4,0.6,1.6,0.9,0.2,3.0
2011/04,0.2333333333333333,0.1446666666666666,7.166666666666667,0.125,0.6,0.1,3.5,-3.2,1.6,0.7,1.7,1.1,0.4,3.0
2011/05,0.2333333333333333,0.2893333333333333,-7.133333333333333,0.125,0.3,0.2,3.3,-0.3,1.7,0.8,1.9,0.1,0.3,3.0
2011/06,0.2333333333333333,0.434,-2.0333333333333337,0.125,-0.2,0.2,3.3,-0.2,1.2,0.7,0.1,0.5,0.4,3.25
2011/07,0.4333333333333333,0.1543333333333333,2.2666666666666666,0.125,0.1,0.5,3.3,-2.0,1.4,0.8,2.0,0.4,0.5,3.25
2011/08,0.4333333333333333,0.3086666666666667,-7.533333333333334,0.125,0.1,0.7,3.2,1.3,1.6,0.8,2.1,0.6,0.8,3.25
2011/09,0.4333333333333333,0.4630000000000001,0.1666666666666666,0.125,0.1,-0.1,3.3,4.2,1.3,0.7,1.8,0.5,0.6,3.25
2011/10,0.7000000000000001,0.2236666666666666,-0.5,0.125,-0.1,-0.2,3.2,3.3,1.7,0.8,2.1,0.4,0.8,3.25
2011/11,0.7000000000000001,0.4473333333333333,5.4,0.125,-0.3,0.1,3.3,-2.0,2.0,0.8,2.3,0.4,0.6,3.25
2011/12,0.7000000000000001,0.671,-1.1,0.125,0.1,0.4,3.2,1.3,1.1,0.7,1.9,0.1,0.2,3.25
2012/01,0.2333333333333333,0.3186666666666666,2.7999999999999994,0.125,0.5,0.4,3.2,-0.1,1.3,0.8,2.2,0.2,0.0,3.25
2012/02,0.2333333333333333,0.6373333333333333,5.533333333333334,0.125,0.7,0.4,3.4,-2.0,1.4,0.8,2.6,0.0,0.3,3.25
2012/03,0.2333333333333333,0.956,4.499999999999999,0.125,0.5,0.0,3.3,0.2,1.3,0.8,2.1,0.0,0.6,3.25
2012/04,0.0666666666666666,0.1406666666666666,-3.4333333333333336,0.125,0.0,0.0,3.3,0.9,1.5,0.9,2.3,0.0,0.2,3.25
2012/05,0.0666666666666666,0.2813333333333333,-8.299999999999999,0.125,-0.6,0.2,3.1,1.6,1.7,1.0,2.4,-0.1,0.4,3.25
2012/06,0.0666666666666666,0.422,-12.866666666666667,0.125,-1.2,-0.1,3.2,1.0,1.3,0.8,2.1,-0.2,0.7,3.25
2012/07,0.1666666666666666,0.1486666666666666,6.633333333333333,0.125,-0.4,-0.2,3.1,-1.9,1.7,0.9,2.2,-0.2,0.6,3.0
2012/08,0.1666666666666666,0.2973333333333333,8.866666666666667,0.125,0.6,0.5,3.2,-1.0,2.0,1.0,2.5,-0.4,0.5,3.0
2012/09,0.1666666666666666,0.446,0.7333333333333333,0.125,0.3,0.7,3.2,-0.6,1.4,0.9,2.1,-0.2,0.1,3.0
2012/10,0.3666666666666667,0.2483333333333333,-3.066666666666667,0.125,-0.8,-0.2,3.1,-1.6,1.6,1.0,2.3,-0.1,0.2,2.75
2012/11,0.3666666666666667,0.4966666666666666,-2.0333333333333337,0.125,-0.7,-0.4,3.2,-1.8,1.6,1.0,2.4,-0.1,0.4,2.75
2012/12,0.3666666666666667,0.745,0.2666666666666666,0.125,-0.2,0.2,3.1,-1.0,1.2,0.8,1.9,-0.2,0.3,2.75
2013/01,0.4333333333333333,0.2643333333333333,3.9,0.125,0.2,0.6,3.1,-1.1,1.3,1.0,2.2,-0.2,0.3,2.75
2013/02,0.4333333333333333,0.5286666666666667,2.266666666666667,0.125,0.7,0.3,3.2,2.0,1.4,1.0,2.6,-0.2,0.9,2.75
2013/03,0.4333333333333333,0.7930000000000001,-4.333333333333333,0.125,-0.4,-0.1,3.0,1.4,1.3,1.0,2.2,0.0,0.3,2.75
2013/04,0.4666666666666666,0.3766666666666666,-3.733333333333333,0.125,-0.3,-0.1,3.0,1.8,1.5,1.0,2.4,0.1,0.3,2.75
2013/05,0.4666666666666666,0.7533333333333333,0.6333333333333333,0.125,-0.3,0.0,3.0,-1.0,1.5,1.0,2.5,0.1,0.1,2.5
2013/06,0.4666666666666666,1.13,0.4666666666666666,0.125,0.0,-0.1,3.1,2.2,1.1,0.9,2.1,0.0,0.7,2.5
2013/07,0.4333333333333333,0.3343333333333333,5.566666666666666,0.125,0.0,0.2,3.2,-0.7,1.2,0.9,2.1,0.0,0.3,2.5
2013/08,0.4333333333333333,0.6686666666666666,2.6666666666666665,0.125,0.3,0.4,3.2,-0.9,1.2,1.0,2.4,-0.1,-0.1,2.5
2013/09,0.4333333333333333,1.003,0.5666666666666668,0.125,-0.1,0.2,3.0,-2.7,1.1,0.9,1.9,0.0,0.8,2.5
2013/10,0.3,0.292,-2.9,0.125,-0.4,-0.3,3.1,-1.9,1.2,0.9,2.1,0.2,0.3,2.5
2013/11,0.3,0.584,-2.9333333333333336,0.125,-0.2,0.0,3.1,-0.4,1.3,0.9,2.3,0.2,0.8,2.5
2013/12,0.3,0.8759999999999999,2.9333333333333336,0.125,0.2,0.1,3.2,-0.6,1.1,0.7,1.8,0.1,0.5,2.5
2014/01,0.5,0.2556666666666666,-3.233333333333333,0.125,0.3,0.5,3.2,0.8,1.2,0.7,2.1,0.2,0.3,2.5
2014/02,0.5,0.5113333333333333,2.766666666666667,0.125,0.1,0.3,3.6,0.6,1.3,0.8,2.4,0.2,0.9,2.5
2014/03,0.5,0.7669999999999999,-0.6333333333333333,0.125,0.0,0.2,3.4,0.0,1.1,0.7,2.0,0.2,0.5,2.5
2014/04,0.1999999999999999,0.3163333333333333,0.7333333333333334,0.125,-0.2,0.1,3.6,-2.5,1.2,0.7,2.1,0.0,0.3,2.5
2014/05,0.1999999999999999,0.6326666666666666,0.7333333333333333,0.125,0.0,0.2,3.5,-1.9,1.3,0.7,2.3,0.1,0.6,2.5
2014/06,0.1999999999999999,0.9489999999999998,2.6333333333333333,0.125,0.0,-0.1,3.5,-0.5,1.0,0.6,2.0,0.0,0.9,2.5
2014/07,0.1666666666666666,0.086,-2.833333333333333,0.125,0.1,0.1,3.5,0.1,1.2,0.7,2.1,0.0,0.7,2.5
2014/08,0.1666666666666666,0.172,-5.066666666666666,0.125,-0.1,0.2,3.6,0.5,1.4,0.7,2.4,0.1,0.9,2.25
2014/09,0.1666666666666666,0.258,-4.233333333333333,0.125,-0.4,-0.1,3.5,0.8,1.2,0.6,1.9,0.2,0.3,2.25
2014/10,0.4333333333333333,0.1773333333333333,-10.133333333333333,0.125,-0.7,-0.3,3.6,2.6,1.2,0.6,2.0,0.2,0.7,2.0
2014/11,0.4333333333333333,0.3546666666666667,-10.566666666666668,0.125,-0.3,-0.2,3.5,3.3,1.2,0.6,2.3,0.1,1.6,2.0
2014/12,0.4333333333333333,0.532,-21.3,0.125,-1.0,0.0,3.6,0.8,0.9,0.5,1.6,0.2,0.3,2.0
2015/01,1.0666666666666669,0.288,-21.36666666666667,0.125,-1.2,0.7,3.5,-1.4,1.0,0.5,1.9,0.1,0.2,2.0
2015/02,1.0666666666666669,0.576,15.4,0.125,0.1,-0.1,3.6,0.9,1.0,0.6,2.1,0.1,0.8,2.0
2015/03,1.0666666666666669,0.8639999999999999,-4.0,0.125,-0.1,0.0,3.5,1.3,1.0,0.5,1.8,0.4,0.9,1.75
2015/04,0.3,0.1433333333333333,9.1,0.125,0.0,0.0,3.6,-2.1,1.1,0.5,1.9,0.5,1.0,1.75
2015/05,0.3,0.2866666666666667,8.766666666666666,0.125,0.1,0.3,3.7,0.2,1.2,0.5,2.1,0.4,0.9,1.75
2015/06,0.3,0.43,-1.8,0.125,-0.1,0.0,3.8,1.9,0.9,0.4,1.7,0.3,0.6,1.5
2015/07,0.4333333333333333,0.4946666666666666,-11.0,0.125,-0.4,0.2,3.7,2.8,1.0,0.5,1.9,0.2,1.0,1.5
2015/08,0.4333333333333333,0.9893333333333332,-15.633333333333333,0.125,-0.6,0.1,3.7,3.1,1.1,0.5,2.0,0.3,0.8,1.5
2015/09,0.4333333333333333,1.484,0.4666666666666666,0.125,-0.4,-0.3,3.5,0.5,1.0,0.4,1.6,0.2,0.5,1.5
2015/10,0.2333333333333333,0.2576666666666666,1.6666666666666667,0.125,-0.7,0.0,3.5,-3.1,1.1,0.4,1.8,0.3,0.1,1.5
2015/11,0.2333333333333333,0.5153333333333333,-8.366666666666667,0.125,-0.4,-0.2,3.6,0.3,1.1,0.4,1.8,0.3,0.5,1.5
2015/12,0.2333333333333333,0.7729999999999999,-14.9,0.375,-0.2,0.3,3.5,1.8,0.9,0.4,1.5,0.1,0.1,1.5
2016/01,0.7666666666666666,0.1276666666666666,-17.133333333333336,0.375,-0.5,0.2,3.4,2.5,1.0,0.4,1.7,0.1,0.7,1.5
2016/02,0.7666666666666666,0.2553333333333333,2.9666666666666663,0.375,0.0,0.4,3.9,1.3,1.1,0.4,1.8,0.0,1.1,1.5
2016/03,0.7666666666666666,0.383,20.73333333333333,0.375,-0.1,-0.3,3.8,-2.4,1.0,0.4,1.8,0.0,0.4,1.5
2016/04,0.5,0.418,9.366666666666667,0.375,0.3,0.2,3.6,-3.4,1.0,0.4,1.9,0.0,0.2,1.5
2016/05,0.5,0.836,12.4,0.375,0.1,0.1,3.6,2.1,1.2,0.4,2.0,0.0,0.6,1.5
2016/06,0.5,1.254,4.366666666666667,0.375,0.2,0.0,3.5,-0.1,1.1,0.3,1.7,0.0,0.9,1.25
2016/07,0.0,0.1296666666666666,-7.666666666666667,0.375,-0.1,-0.2,3.6,-2.3,1.3,0.3,1.8,0.1,0.8,1.25
2016/08,0.0,0.2593333333333333,1.4333333333333336,0.375,0.1,0.3,4.0,-2.8,1.4,0.4,1.8,0.0,1.1,1.25
2016/09,0.0,0.389,0.3333333333333333,0.375,0.2,0.6,3.9,-0.4,1.3,0.3,1.7,0.1,0.2,1.25
2016/10,0.5,0.2576666666666666,10.133333333333333,0.375,0.3,0.1,3.8,1.6,1.3,0.3,1.8,0.2,0.3,1.25
2016/11,0.5,0.5153333333333333,-9.066666666666666,0.375,0.4,-0.1,3.6,3.2,1.0,0.3,1.9,0.1,0.6,1.25
2016/12,0.5,0.7729999999999999,16.7,0.625,0.9,0.1,3.4,1.8,0.8,0.3,1.6,0.1,0.3,1.25
2017/01,0.7000000000000001,0.373,1.6666666666666667,0.625,1.5,1.1,3.4,0.2,0.8,0.3,1.8,0.0,0.2,1.25
2017/02,0.7000000000000001,0.746,1.2666666666666666,0.625,0.4,0.3,4.0,-3.4,0.9,0.3,2.1,0.0,0.1,1.25
2017/03,0.7000000000000001,1.119,-6.599999999999999,0.875,0.0,-0.1,3.7,-0.9,0.8,0.3,1.7,0.0,0.7,1.25
2017/04,0.2666666666666666,0.246,3.0666666666666664,0.875,-0.2,-0.1,3.8,-0.2,0.9,0.3,1.9,0.1,0.5,1.25
2017/05,0.2666666666666666,0.492,-4.833333333333333,0.875,-0.3,0.1,3.5,-0.7,0.9,0.3,1.9,0.1,0.2,1.25
2017/06,0.2666666666666666,0.738,-7.2,1.125,-0.4,-0.2,3.7,0.4,0.7,0.3,1.7,0.2,0.7,1.25
2017/07,1.0,0.4599999999999999,3.2,1.125,0.1,0.2,3.5,0.4,0.7,0.3,1.8,0.2,0.1,1.25
2017/08,1.0,0.92,4.6000000000000005,1.125,0.5,0.6,4.0,-0.3,0.8,0.3,1.9,0.2,0.5,1.25
2017/09,1.0,1.38,5.933333333333334,1.125,0.7,0.1,3.7,0.1,0.7,0.3,1.7,0.1,0.3,1.25
2017/10,-0.3,-0.076,3.5666666666666664,1.125,0.1,-0.1,3.7,0.0,0.7,0.3,1.8,0.1,0.5,1.25
2017/11,-0.3,-0.152,9.266666666666667,1.125,-0.1,-0.7,3.7,-2.3,0.7,0.3,1.9,0.2,0.7,1.5
2017/12,-0.3,-0.2279999999999999,1.7666666666666668,1.375,0.1,0.4,3.5,-1.7,0.6,0.2,1.6,0.1,0.2,1.5
2018/01,0.5,0.4843333333333333,8.299999999999999,1.375,0.4,0.4,3.4,-1.8,0.7,0.3,1.8,0.1,0.9,1.5
2018/02,0.5,0.9686666666666668,-3.933333333333333,1.375,0.4,0.8,3.8,1.2,0.7,0.3,2.0,0.2,0.8,1.5
2018/03,0.5,1.453,1.6333333333333335,1.625,0.0,-0.1,4.0,-0.7,0.9,0.3,1.8,0.1,0.3,1.5
2018/04,0.3,0.2616666666666666,6.8,1.625,0.1,0.2,3.8,-0.4,0.9,0.3,1.8,0.0,0.5,1.5
2018/05,0.3,0.5233333333333333,6.766666666666667,1.625,0.3,0.0,3.8,0.8,1.0,0.3,1.9,0.0,0.4,1.5
2018/06,0.3,0.7849999999999999,-1.8,1.875,0.0,-0.2,3.6,1.5,0.8,0.3,1.7,0.0,0.8,1.5
2018/07,0.4333333333333333,0.1733333333333333,1.0666666666666669,1.875,0.5,-0.2,3.8,2.7,0.9,0.3,1.8,0.0,0.6,1.5
2018/08,0.4333333333333333,0.3466666666666667,-2.1333333333333333,1.875,0.4,0.9,4.6,-0.1,0.9,0.3,2.0,0.0,0.5,1.5
2018/09,0.4333333333333333,0.52,5.5,2.125,0.3,0.8,4.1,0.0,0.9,0.3,1.8,0.3,0.1,1.5
2018/10,0.0,0.1893333333333333,1.7333333333333334,2.125,-0.3,-0.2,4.0,0.9,0.9,0.3,1.9,0.1,0.8,1.5
2018/11,0.0,0.3786666666666666,-18.83333333333333,2.125,-0.7,-0.7,3.8,-0.2,0.9,0.3,1.9,0.2,0.7,1.75
2018/12,0.0,0.568,-13.1,2.375,-0.5,-0.3,3.6,-0.5,0.6,0.3,1.6,-0.1,0.3,1.75
2019/01,-0.1666666666666666,0.0193333333333333,4.8,2.375,-0.1,-0.1,3.9,-0.1,0.7,0.3,1.7,-0.1,0.6,1.75
2019/02,-0.1666666666666666,0.0386666666666666,7.966666666666666,2.375,0.1,0.4,3.9,0.0,0.7,0.3,2.0,-0.1,0.5,1.75
2019/03,-0.1666666666666666,0.058,4.5,2.375,0.4,-0.2,3.8,0.7,0.7,0.3,1.8,-0.1,0.8,1.75
2019/04,0.4333333333333333,0.443,7.533333333333334,2.375,0.3,0.4,4.1,0.9,0.7,0.3,1.8,-0.2,0.4,1.75
2019/05,0.4333333333333333,0.886,-3.2000000000000006,2.375,0.1,0.2,3.9,3.7,0.7,0.3,1.9,-0.2,0.3,1.75
2019/06,0.4333333333333333,1.329,-10.5,2.375,-0.3,-0.2,3.9,-0.6,0.6,0.3,1.7,-0.1,1.0,1.75
2019/07,0.0666666666666666,0.0716666666666666,3.333333333333333,2.375,0.0,-0.3,3.9,0.0,0.7,0.3,1.8,-0.1,0.4,1.5
2019/08,0.0666666666666666,0.1433333333333333,-6.2,2.125,0.2,0.2,3.6,2.9,0.7,0.3,2.0,0.0,0.7,1.5
2019/09,0.0666666666666666,0.215,4.133333333333334,1.875,0.1,0.4,3.5,-0.9,0.6,0.3,1.7,0.0,0.7,1.5
2019/10,0.3333333333333333,0.3349999999999999,-4.3,1.625,-0.2,0.2,3.5,-1.1,0.7,0.3,1.8,0.1,0.7,1.25
2019/11,0.3333333333333333,0.6699999999999999,4.7,1.625,-0.1,-0.6,3.6,-1.4,0.7,0.3,1.9,0.2,0.9,1.25
2019/12,0.3333333333333333,1.005,5.033333333333332,1.625,0.3,0.2,3.5,0.7,0.5,0.3,1.4,0.3,0.4,1.25
2020/01,-0.4333333333333333,-0.4286666666666667,-2.6,1.625,0.4,0.4,3.6,-1.0,0.6,0.3,1.5,0.3,0.6,1.25
2020/02,-0.4333333333333333,-0.8573333333333334,-13.166666666666666,1.625,-0.3,0.1,3.4,2.5,0.6,0.3,1.8,0.3,0.9,1.25
2020/03,-0.4333333333333333,-1.286,-39.7,0.125,-0.9,-0.2,3.9,2.2,0.6,0.3,1.6,0.6,1.0,0.75
2020/04,-0.3666666666666667,-0.9133333333333334,-28.26666666666667,0.125,-0.9,-0.4,3.9,0.4,0.6,0.3,1.7,0.2,1.1,0.75
2020/05,-0.3666666666666667,-1.8266666666666669,38.23333333333333,0.125,0.0,-0.1,4.4,0.3,0.6,0.3,1.8,0.1,1.0,0.5
2020/06,-0.3666666666666667,-2.74,27.33333333333333,0.125,0.5,0.3,4.2,-1.5,0.5,0.3,1.6,0.4,1.0,0.5
2020/07,0.9666666666666668,0.7363333333333334,6.133333333333333,0.125,0.2,-0.1,4.1,-0.9,0.5,0.3,1.6,0.7,0.5,0.5
2020/08,0.9666666666666668,1.4726666666666668,3.8333333333333335,0.125,0.5,0.6,3.7,-1.0,0.5,0.3,1.7,0.4,0.2,0.5
2020/09,0.9666666666666668,2.209,-6.433333333333334,0.125,0.2,0.5,4.1,-0.7,0.4,0.2,1.4,0.4,0.5,0.5
2020/10,0.4666666666666666,0.5246666666666667,-0.9,0.125,-0.4,-0.6,4.2,-2.9,0.5,0.3,1.5,0.3,1.2,0.5
2020/11,0.4666666666666666,1.0493333333333337,5.8,0.125,0.1,-0.1,4.1,-2.4,0.5,0.3,1.5,0.5,1.0,0.5
2020/12,0.4666666666666666,1.5740000000000005,14.1,0.125,0.8,0.2,4.2,-1.9,0.4,0.2,1.3,1.0,0.4,0.5
2021/01,0.7333333333333334,0.5143333333333333,9.966666666666669,0.125,1.1,0.7,4.8,0.2,0.4,0.2,1.5,0.7,0.8,0.5
2021/02,0.7333333333333334,1.0286666666666666,13.066666666666665,0.125,0.8,0.5,4.1,1.3,0.5,0.2,1.5,0.9,1.5,0.5
2021/03,0.7333333333333334,1.543,5.166666666666667,0.125,1.1,0.3,3.9,1.7,0.4,0.2,1.3,0.7,1.3,0.5
2021/04,0.8333333333333334,0.448,-1.1333333333333333,0.125,1.0,0.1,3.8,-1.0,0.4,0.2,1.3,0.7,1.4,0.5
2021/05,0.8333333333333334,0.896,5.166666666666667,0.125,0.5,0.1,3.8,0.3,0.5,0.2,1.4,0.7,0.6,0.5
2021/06,0.8333333333333334,1.344,8.166666666666666,0.125,0.5,0.0,3.7,-0.2,0.4,0.2,1.1,1.1,1.0,0.5
2021/07,0.6333333333333333,0.0113333333333333,1.3666666666666665,0.125,1.0,0.2,3.3,2.0,0.4,0.2,1.2,0.9,0.9,0.5
2021/08,0.6333333333333333,0.0226666666666666,-5.433333333333333,0.125,0.5,0.5,3.2,1.4,0.4,0.2,1.3,0.9,1.2,0.75
2021/09,0.6333333333333333,0.034,5.733333333333334,0.125,0.4,0.4,3.0,0.8,0.3,0.2,1.1,1.0,0.7,0.75
2021/10,0.6,0.5313333333333333,12.6,0.125,1.0,0.2,3.2,1.1,0.3,0.2,1.3,0.9,0.8,0.75
2021/11,0.6,1.0626666666666666,-3.266666666666666,0.125,0.7,0.5,3.1,0.0,0.4,0.2,1.3,0.6,1.4,1.0
2021/12,0.6,1.594,-8.1,0.125,0.0,0.2,3.4,0.1,0.3,0.2,1.1,0.3,0.7,1.0
2022/01,0.3333333333333333,0.161,15.066666666666668,0.125,1.1,0.8,3.4,0.9,0.3,0.2,1.2,0.1,0.4,1.25
2022/02,0.3333333333333333,0.322,9.933333333333332,0.125,0.5,0.5,2.8,0.4,0.3,0.2,1.3,0.1,0.6,1.25
2022/03,0.3333333333333333,0.483,18.366666666666664,0.375,1.5,0.6,2.8,1.9,0.3,0.2,1.2,0.0,0.4,1.25
2022/04,0.3666666666666667,0.266,-5.333333333333333,0.375,1.6,0.7,2.8,0.9,0.3,0.2,1.2,0.0,0.1,1.5
2022/05,0.3666666666666667,0.532,6.066666666666666,0.875,0.7,0.6,2.9,3.0,0.3,0.2,1.2,0.0,0.6,1.75
2022/06,0.3666666666666667,0.798,4.4,1.625,0.6,0.7,2.9,0.6,0.3,0.2,1.1,0.0,0.6,1.75
2022/07,-0.1666666666666666,0.13,-10.666666666666666,2.375,0.3,0.5,2.9,2.4,0.3,0.2,1.2,0.0,0.3,2.25
2022/08,-0.1666666666666666,0.26,-6.633333333333333,2.375,-0.4,-0.1,2.6,0.8,0.3,0.2,1.2,-0.3,0.5,2.5
2022/09,-0.1666666666666666,0.39,-7.766666666666667,3.125,0.1,0.2,2.8,5.5,0.3,0.2,1.1,-0.6,0.2,2.5
2022/10,0.0,-0.1506666666666666,2.8000000000000003,3.125,0.5,0.3,2.8,2.5,0.3,0.2,1.2,-0.8,0.3,3.0
2022/11,0.0,-0.3013333333333333,-4.633333333333334,3.875,-0.3,-0.1,2.7,-4.4,0.3,0.3,1.3,-1.4,0.9,3.25
2022/12,0.0,-0.452,-9.466666666666669,4.375,-0.4,0.2,3.0,-5.0,0.3,0.3,1.3,-2.0,-0.2,3.25
2023/01,0.4666666666666666,0.1466666666666666,3.5666666666666664,4.375,0.4,0.7,2.9,-3.8,0.4,0.3,1.4,-1.5,-0.1,3.5
2023/02,0.4666666666666666,0.2933333333333333,-0.5333333333333333,4.625,0.2,0.2,2.6,1.9,0.4,0.3,1.7,-1.1,0.3,3.5
2023/03,0.4666666666666666,0.44,-4.566666666666666,4.875,0.1,0.2,2.7,2.8,0.4,0.3,1.5,-0.8,0.1,3.5
2023/04,0.3333333333333333,0.1836666666666666,6.633333333333333,4.875,-0.1,0.2,2.6,1.1,0.5,0.4,1.7,-0.4,-0.5,3.5
2023/05,0.3333333333333333,0.3673333333333333,-9.666666666666668,5.125,-0.4,0.3,2.6,0.6,0.5,0.4,1.7,-0.2,-0.2,3.5
2023/06,0.3333333333333333,0.551,-1.0,5.125,-0.2,0.0,2.6,-2.4,0.4,0.3,1.5,-0.1,0.4,3.5
2023/07,0.4333333333333333,0.251,7.5,5.375,0.2,0.1,2.8,-0.8,0.5,0.4,1.6,0.1,0.5,3.5
2023/08,0.4333333333333333,0.502,6.833333333333333,5.375,0.8,0.9,2.5,2.5,0.6,0.4,1.8,0.1,0.2,3.5
2023/09,0.4333333333333333,0.753,8.933333333333334,5.375,0.5,0.5,2.6,0.8,0.5,0.4,1.6,0.2,0.5,3.5
2023/10,0.6,0.1516666666666666,-4.333333333333333,5.375,-0.1,0.4,2.5,1.6,0.6,0.4,1.7,0.2,0.2,3.5
2023/11,0.6,0.3033333333333333,-7.900000000000001,5.375,-0.4,-0.5,2.8,-3.0,0.6,0.4,1.8,0.1,1.0,3.5
2023/12,0.6,0.455,-6.333333333333333,5.375,0.1,0.0,3.2,-0.5,0.6,0.4,1.6,-0.1,0.5,3.5
2024/01,1.0,0.4333333333333333,2.4333333333333336,5.375,0.5,0.4,3.0,1.5,0.6,0.4,1.7,-0.2,-0.2,3.5
2024/02,1.0,0.8666666666666667,4.0,5.375,0.3,0.5,2.6,0.6,0.7,0.4,2.0,-0.1,0.7,3.5
2024/03,1.0,1.3,4.566666666666667,5.375,0.2,0.1,2.8,-0.1,0.6,0.4,1.8,-0.1,1.6,3.5
2024/04,0.3333333333333333,-0.076,4.8,5.375,0.3,0.1,2.8,2.8,0.6,0.4,1.8,-0.1,0.3,3.5
2024/05,0.3333333333333333,-0.152,-6.6000000000000005,5.375,0.1,0.1,2.8,-0.2,0.7,0.4,1.9,0.0,-0.1,3.5
2024/06,0.3333333333333333,-0.2279999999999999,-0.3333333333333333,5.375,0.0,-0.2,2.8,1.1,0.5,0.4,1.7,0.1,0.6,3.5
2024/07,,0.0446666666666666,1.7666666666666668,5.375,0.3,0.3,2.5,0.2,0.7,0.4,1.8,0.1,0.6,3.5
2024/08,,0.0893333333333333,-6.133333333333333,5.375,-0.2,0.4,2.4,-2.1,0.7,0.4,1.9,0.2,0.1,3.5
2024/09,,0.134,-7.833333333333333,4.875,-0.2,0.1,2.5,-1.4,,,,0.2,,3.5
2024/10,,,2.833333333333333,,,0.0,,2.0,,,,,,3.25
